League ID,Country,First Player Entry,National League Player Count,Alpha-2,Alpha-3
26,Angola,5031020,5955,AO,AGO
32,Aruba,1161973,2254,AW,ABW
37,Bahrain,1762170,19921,BH,BHR
42,Belize,6223195,467,BZ,BLZ
35,Azerbaijan,2241580,3429,AZ,AZE
30,Argentina,171921,12636,AR,ARG
29,Antigua and Barbuda,7306251,1423,AG,ATG
22,Albania,7908977,5405,AL,ALB
36,Bahamas,6815734,718,BS,BHS
46,Bolivia,1159638,1122,BO,BOL
24,American Samoa,1311397,1478,AS,ASM
33,Australia,2228715,241339,AU,AUS
28,Antarctica,623080,1724,AQ,ATA
34,Austria,3743611,10356,AT,AUT
21,Afghanistan,951945,3623,AF,AFG
47,Bosnia-Herzegovina,121426,21711,BA,BIH
39,Barbados,6005818,4153,BB,BRB
49,Bouvet Island,77337,372,BV,BVT
27,Anguilla,1908418,701,AI,AIA
23,Algeria,120240,229697,DZ,DZA
44,Bermuda,259517,2357,BM,BMU
55,Burkina Faso,3592392,464,BF,BFA
53,Brunei Darussalam,2223099,8177,BN,BRN
31,Armenia,8041652,2167,AM,ARM
50,Brazil,5686015,7527,BR,BRA
38,Bangladesh,4376057,32080,BD,BGD
61,Cayman Islands,8303580,1407,KY,CYM
45,Bhutan,2612863,5034,BT,BTN
62,Central African Republic,2332424,224,CF,CAF
69,Comoros,4181902,183,KM,COM
66,Christmas Island,773487,950,CX,CXR
51,British Indian Ocean Territory,44743,434,IO,IOT
25,Andorra,1912083,1326,AD,AND
59,Canada,4101974,106584,CA,CAN
64,Chile,1370274,10512,CL,CHL
43,Benin,3643956,567,BJ,BEN
52,British Virgin Islands,7608317,1095,VG,VGB
71,Congo,2646047,263,CG,COG
48,Botswana,859293,11245,BW,BWA
58,Cameroon,955107,9012,CM,CMR
70,"Congo, Democratic Republic of",672476,831,CD,COD
77,Czech Republic,7447838,19307,CZ,CZE
67,Cocos Islands,408419,285,CC,CCK
74,Ivory Coast,7763180,1865,CI,CIV
65,China,7491078,10935,CN,CHN
72,Cook Islands,4929533,262,CK,COK
83,Egypt,1941895,1046068,EG,EGY
73,Costa Rica,2011995,2179,CR,CRI
60,Cape Verde,4287849,441,CV,CPV
79,Djibouti,593532,637,DJ,DJI
63,Chad,342916,712,TD,TCD
81,Dominican Republic,6821798,920,DO,DOM
86,Eritrea,8603568,949,ER,ERI
89,Faeroe Islands,4826607,2607,FO,FRO
85,Equatorial Guinea,3024390,478,GQ,GNQ
87,Estonia,96793,5533,EE,EST
57,Cambodia,2835531,5411,KH,KHM
84,El Salvador,5551100,1191,SV,SLV
92,Finland,6789994,44964,FI,FIN
76,Cyprus,7782978,14963,CY,CYP
95,French Polynesia,267661,194,PF,PYF
82,Ecuador,2600760,2889,EC,ECU
90,Falkland Islands,3374885,538,FK,FLK
97,Gabon,4526173,242,GA,GAB
119,Iceland,3555709,23968,IS,ISL
106,Guadaloupe,1705712,243,GP,GLP
98,Gambia,499037,3571,GM,GMB
116,Hong Kong,2976806,39701,HK,HKG
112,Haiti,1230373,355,HT,HTI
105,Grenada,1907721,523,GD,GRD
103,Greece,6092839,22178,GR,GRC
108,Guatemala,25534,1198,GT,GTM
110,Guinea-Bissau,301702,166,GW,GNB
41,Belgium,4278850,32386,BE,BEL
54,Bulgaria,175301,25262,BG,BGR
144,Lithuania,3049052,4801,LT,LTU
132,Kiribati,2035694,391,KI,KIR
101,Ghana,2731140,140945,GH,GHA
115,Honduras,2077973,1174,HN,HND
136,Kyrgyzstan,2815701,909,KG,KGZ
124,Ireland,580349,310141,IE,IRL
109,Guinea,60934,316,GN,GIN
133,North Korea,1580702,729,KP,PRK
102,Gibraltar,6388994,2488,GI,GIB
122,Iran,4685025,28223,IR,IRN
107,Guam,8143265,240,GU,GUM
118,Hungary,452219,14254,HU,HUN
142,Libya,4173381,31168,LY,LBY
56,Burundi,492258,338,BI,BDI
80,Dominica,5936059,634,DM,DMA
131,Kenya,214203,346961,KE,KEN
140,Lesotho,1664813,1235,LS,LSO
78,Denmark,1627092,62189,DK,DNK
149,Malawi,8411552,11407,MW,MWI
68,Colombia,1530741,10957,CO,COL
161,Moldova,5063898,807,MD,MDA
145,Luxembourg,1967302,2051,LU,LUX
150,Malaysia,2981260,339577,MY,MYS
160,Micronesia,20369,191,FM,FSM
165,Morocco,8575510,164305,MA,MAR
152,Mali,7072235,442,ML,MLI
75,Cuba,3076532,686,CU,CUB
157,Mauritius,4239351,21385,MU,MUS
166,Mozambique,6041578,2672,MZ,MOZ
91,Fiji,4186838,1662,FJ,FJI
93,France,5141128,24336,FR,FRA
169,Nauru,8129188,381,NR,NRU
174,New Zealand,1164592,41380,NZ,NZL
176,Niger,241764,725,NE,NER
96,French Southern Territories,1368870,259,TF,ATF
177,Nigeria,322707,469931,NG,NGA
178,Niue,1393799,550,NU,NIU
94,French Guiana,6987969,161,GF,GUF
175,Nicaragua,5683492,591,NI,NIC
188,Paraguay,408523,1999,PY,PRY
100,Germany,7936477,34617,DE,DEU
123,Iraq,1194981,192937,IQ,IRQ
113,Heard and McDonald Islands,2486817,774,HM,HMD
189,Peru,8415629,3778,PE,PER
187,Papua New Guinea,823776,418,PG,PNG
170,Nepal,3541677,48995,NP,NPL
111,Guyana,8509,923,GY,GUY
191,Pitcairn Island,670985,452,PN,PCN
99,Georgia,823969,5990,GE,GEO
125,Israel,195608,19956,IL,ISR
129,Jordan,775814,31711,JO,JOR
195,Qatar,8432106,23989,QA,QAT
202,St. Lucia,5064538,1648,LC,LCA
139,Lebanon,341031,27419,LB,LBN
135,Kuwait,6289403,59798,KW,KWT
192,Poland,122498,79998,PL,POL
186,Panama,37923,1410,PA,PAN
205,Samoa,7560769,209,WS,WSM
120,India,5407172,198243,IN,IND
190,Philippines,1228675,2988,PH,PHL
183,Pakistan,120600,15052,PK,PAK
208,Saudi Arabia,4684786,165480,SA,SAU
141,Liberia,3847514,1260,LR,LBR
204,St. Vincent and the Grenadines,2301033,566,VC,VCT
126,Italy,3196555,12240,IT,ITA
206,San Marino,1160785,285,SM,SMR
203,St. Pierre and Miquelon,7668819,223,PM,SPM
201,St. Kitts and Nevis,8585754,481,KN,KNA
196,Reunion,8014888,297,RE,REU
143,Liechtenstein,234304,255,LI,LIE
137,Laos,1227055,799,LA,LAO
158,Mayotte,63305,282,YT,MYT
127,Jamaica,1790319,14263,JM,JAM
114,Holy See,4118611,555,VA,VAT
104,Greenland,210769,535,GL,GRL
148,Madagascar,4114795,328,MG,MDG
223,Suriname,7732,334,SR,SUR
159,Mexico,375580,10902,MX,MEX
163,Mongolia,7797048,4024,MN,MNG
211,Seychelles,4046810,937,SC,SYC
213,Singapore,7438,60436,SG,SGP
162,Monaco,12243,553,MC,MCO
217,Somalia,5120926,19629,SO,SOM
228,Syria,154182,19428,SY,SYR
214,Slovakia,3891112,14939,SK,SVK
184,Palau,5487474,283,PW,PLW
229,Chinese Taipei,1799633,1551,TW,TWN
194,Puerto Rico,8018143,837,PR,PRI
180,Northern Mariana Islands,5412387,574,MP,MNP
173,New Caledonia,2369578,243,NC,NCL
212,Sierra Leone,591388,14387,SL,SLE
210,Serbia,7993529,57511,RS,SRB
209,Senegal,6595857,4676,SN,SEN
226,Sweden,7973311,177349,SE,SWE
232,Thailand,2085641,78387,TH,THA
224,Svalbard & Jan Mayen Islands,254011,528,SJ,SJM
227,Switzerland,7678761,19257,CH,CHE
238,Tunisia,7018774,76187,TN,TUN
215,Slovenia,5400676,9320,SI,SVN
240,Turkmenistan,2755408,603,TM,TKM
231,Tanzania,2435681,41814,TZ,TZA
222,Sudan,904753,72464,SD,SDN
241,Turks and Caicos Islands,2492870,361,TC,TCA
242,Tuvalu,941656,534,TV,TUV
252,Vanuatu,7151855,424,VU,VUT
233,Timor-Leste,302919,313,TL,TLS
236,Tonga,1104153,144,TO,TON
237,Trinidad and Tobago,7069604,11317,TT,TTO
235,Tokelau,6801639,316,TK,TKL
257,Yemen,1538079,9478,YE,YEM
239,Turkey,481310,22123,TR,TUR
244,Uganda,2370962,76423,UG,UGA
245,Ukraine,7293950,8823,UA,UKR
243,US Virgin Islands,2005261,602,VI,VIR
248,United States Minor Outlying Islands,237680,3286,UM,UMI
255,Wallis and Futuna Islands,7304425,620,WF,WLF
265,Aland Islands,881223,2505,AX,ALA
262,Northern Ireland,5620569,85484,GB,GBR
263,Scotland,5121,184914,GB,GBR
261,England,18949,3099858,GB,GBR
249,USA,2418427,410583,US,USA
269,Jersey,7687,5167,JE,JEY
267,Guernsey,679684,3244,GG,GGY
270,Saint Martin,727456,146,MF,MAF
271,"Bonaire, Saint Eustatius and Saba",3146543,466,BQ,BES
273,Sint Maarten,4033709,337,SX,SXM
275,Kosovo,374991,3648,XK,XXK
251,Uzbekistan,2442376,5464,UZ,UZB
253,Venezuela,5074637,3543,VE,VEN
254,Vietnam,7371969,15786,VN,VNM
256,Western Sahara,1404575,464,EH,ESH
258,Zambia,4528759,29050,ZM,ZMB
259,Zimbabwe,2784245,62616,ZW,ZWE
264,Wales,6601900,129198,GB,GBR
260,Montenegro,5832229,5090,ME,MNE
266,Saint Barthelemy,3477779,261,BL,BLM
274,South Sudan,3551260,4894,SS,SSD
272,Curacao,5122786,285,CW,CUW
250,Uruguay,1174533,2944,UY,URY
218,South Africa,4726854,266665,ZA,ZAF
